{
  "train_loss": [
    0.06777181476354599,
    0.03256013244390488,
    0.026995239779353142,
    0.026093490421772003,
    0.01899753138422966,
    0.016283199191093445,
    0.016387274488806725,
    0.011812396347522736,
    0.009119410067796707,
    0.010230343788862228,
    0.011177364736795425,
    0.00991132389754057,
    0.004919546190649271
  ],
  "val_loss": [
    0.045649267733097076,
    0.5351678729057312,
    0.3992977440357208,
    0.12404683977365494,
    0.19590818881988525,
    0.02267240360379219,
    0.028495419770479202,
    0.1158093810081482,
    0.2300669252872467,
    0.4606887698173523,
    0.23586685955524445,
    0.05356432870030403,
    0.0750008225440979
  ],
  "train_acc": [
    0.9476610422134399,
    0.9760352969169617,
    0.9796779155731201,
    0.9814033508300781,
    0.9846625924110413,
    0.988113522529602,
    0.9879217743873596,
    0.9930981397628784,
    0.9932898879051208,
    0.994056761264801,
    0.9929064512252808,
    0.9929064512252808,
    0.9973159432411194
  ],
  "val_acc": [
    1.0,
    0.8125,
    0.75,
    0.9375,
    0.9375,
    1.0,
    1.0,
    1.0,
    0.9375,
    0.8125,
    0.875,
    1.0,
    1.0
  ],
  "val_auc": [
    1.0,
    1.0,
    1.0,
    1.0,
    1.0,
    1.0,
    1.0,
    1.0,
    1.0,
    0.984375,
    1.0,
    1.0,
    1.0
  ]
}